{
  "address": "otoUzj3eLyJXSkB4DmfGR63eHBMQ9tqPHJaGX8ySSsY",
  "metadata": {
    "name": "oto",
    "version": "0.1.0",
    "spec": "0.1.0",
    "description": "Created with Anchor"
  },
  "instructions": [
    {
      "name": "claim",
      "discriminator": [62, 198, 214, 193, 213, 159, 108, 210],
      "accounts": [
        {
          "name": "oto",
          "pda": {
            "seeds": [
              {
                "kind": "const",
                "value": [111, 116, 111]
              }
            ]
          }
        },
        {
          "name": "user",
          "writable": true,
          "pda": {
            "seeds": [
              {
                "kind": "const",
                "value": [117, 115, 101, 114]
              },
              {
                "kind": "arg",
                "path": "user_id"
              }
            ]
          }
        },
        {
          "name": "beneficiary",
          "writable": true,
          "signer": true
        },
        {
          "name": "user_token_account",
          "writable": true,
          "pda": {
            "seeds": [
              {
                "kind": "account",
                "path": "beneficiary"
              },
              {
                "kind": "account",
                "path": "token_program"
              },
              {
                "kind": "account",
                "path": "mint"
              }
            ],
            "program": {
              "kind": "const",
              "value": [
                140, 151, 37, 143, 78, 36, 137, 241, 187, 61, 16, 41, 20, 142, 13, 131, 11, 90, 19,
                153, 218, 255, 16, 132, 4, 142, 123, 216, 219, 233, 248, 89
              ]
            }
          }
        },
        {
          "name": "mint",
          "writable": true,
          "pda": {
            "seeds": [
              {
                "kind": "const",
                "value": [109, 105, 110, 116]
              }
            ]
          },
          "relations": ["oto"]
        },
        {
          "name": "token_program"
        },
        {
          "name": "associated_token_program",
          "address": "ATokenGPvbdGVxr1b2hvZbsiqW5xWH25efTNsLJA8knL"
        },
        {
          "name": "system_program",
          "address": "11111111111111111111111111111111"
        }
      ],
      "args": [
        {
          "name": "user_id",
          "type": "string"
        },
        {
          "name": "claim_amount",
          "type": "u64"
        }
      ]
    },
    {
      "name": "initialize_oto",
      "discriminator": [9, 66, 201, 112, 210, 40, 68, 39],
      "accounts": [
        {
          "name": "oto",
          "writable": true,
          "pda": {
            "seeds": [
              {
                "kind": "const",
                "value": [111, 116, 111]
              }
            ]
          }
        },
        {
          "name": "payer",
          "writable": true,
          "signer": true
        },
        {
          "name": "mint",
          "writable": true,
          "pda": {
            "seeds": [
              {
                "kind": "const",
                "value": [109, 105, 110, 116]
              }
            ]
          }
        },
        {
          "name": "metadata",
          "writable": true
        },
        {
          "name": "nft_collection"
        },
        {
          "name": "system_program",
          "address": "11111111111111111111111111111111"
        },
        {
          "name": "rent",
          "address": "SysvarRent111111111111111111111111111111111"
        },
        {
          "name": "token_metadata_program",
          "address": "metaqbxxUerdq28cj1RbAWkYQm3ybzjb6a8bt518x1s"
        },
        {
          "name": "token_program"
        }
      ],
      "args": []
    },
    {
      "name": "initialize_user",
      "discriminator": [111, 17, 185, 250, 60, 122, 38, 254],
      "accounts": [
        {
          "name": "oto",
          "pda": {
            "seeds": [
              {
                "kind": "const",
                "value": [111, 116, 111]
              }
            ]
          }
        },
        {
          "name": "user",
          "writable": true,
          "pda": {
            "seeds": [
              {
                "kind": "const",
                "value": [117, 115, 101, 114]
              },
              {
                "kind": "arg",
                "path": "user_id"
              }
            ]
          }
        },
        {
          "name": "payer",
          "writable": true,
          "signer": true
        },
        {
          "name": "system_program",
          "address": "11111111111111111111111111111111"
        }
      ],
      "args": [
        {
          "name": "user_id",
          "type": "string"
        },
        {
          "name": "owner",
          "type": "pubkey"
        }
      ]
    },
    {
      "name": "update_point",
      "discriminator": [89, 158, 247, 64, 0, 100, 210, 82],
      "accounts": [
        {
          "name": "oto",
          "pda": {
            "seeds": [
              {
                "kind": "const",
                "value": [111, 116, 111]
              }
            ]
          }
        },
        {
          "name": "user",
          "writable": true,
          "pda": {
            "seeds": [
              {
                "kind": "const",
                "value": [117, 115, 101, 114]
              },
              {
                "kind": "arg",
                "path": "user_id"
              }
            ]
          }
        },
        {
          "name": "admin",
          "writable": true,
          "signer": true,
          "relations": ["oto"]
        }
      ],
      "args": [
        {
          "name": "user_id",
          "type": "string"
        },
        {
          "name": "delta",
          "type": "u64"
        }
      ]
    }
  ],
  "accounts": [
    {
      "name": "BaseCollectionV1",
      "discriminator": [0, 0, 0, 0, 0, 0, 0, 0]
    },
    {
      "name": "Oto",
      "discriminator": [11, 237, 61, 97, 3, 132, 38, 13]
    },
    {
      "name": "User",
      "discriminator": [159, 117, 95, 227, 239, 151, 58, 236]
    }
  ],
  "errors": [
    {
      "code": 6000,
      "name": "NotEnoughClaimableAmount",
      "msg": "Not enough claimable amount"
    },
    {
      "code": 6001,
      "name": "Overflow",
      "msg": "Overflow"
    }
  ],
  "types": [
    {
      "name": "BaseCollectionV1",
      "type": {
        "kind": "struct",
        "fields": [
          {
            "name": "key",
            "type": {
              "defined": {
                "name": "Key"
              }
            }
          },
          {
            "name": "update_authority",
            "type": "pubkey"
          },
          {
            "name": "name",
            "type": "string"
          },
          {
            "name": "uri",
            "type": "string"
          },
          {
            "name": "num_minted",
            "type": "u32"
          },
          {
            "name": "current_size",
            "type": "u32"
          }
        ]
      }
    },
    {
      "name": "Key",
      "type": {
        "kind": "enum",
        "variants": [
          {
            "name": "Uninitialized"
          },
          {
            "name": "AssetV1"
          },
          {
            "name": "HashedAssetV1"
          },
          {
            "name": "PluginHeaderV1"
          },
          {
            "name": "PluginRegistryV1"
          },
          {
            "name": "CollectionV1"
          }
        ]
      }
    },
    {
      "name": "Oto",
      "type": {
        "kind": "struct",
        "fields": [
          {
            "name": "admin",
            "type": "pubkey"
          },
          {
            "name": "mint",
            "type": "pubkey"
          },
          {
            "name": "nft_collection",
            "type": "pubkey"
          },
          {
            "name": "bump",
            "type": "u8"
          }
        ]
      }
    },
    {
      "name": "User",
      "type": {
        "kind": "struct",
        "fields": [
          {
            "name": "user_id",
            "type": "string"
          },
          {
            "name": "claimable_amount",
            "type": "u64"
          },
          {
            "name": "owner",
            "type": "pubkey"
          },
          {
            "name": "bump",
            "type": "u8"
          }
        ]
      }
    }
  ]
}
