{
  "openapi": "3.1.0",
  "info": {
    "title": "FastAPI",
    "version": "0.1.0"
  },
  "paths": {
    "/conversation/": {
      "get": {
        "tags": [
          "conversation"
        ],
        "summary": "Get Conversations",
        "operationId": "get_conversations_conversation__get",
        "parameters": [
          {
            "name": "user_id",
            "in": "query",
            "required": true,
            "schema": {
              "type": "string",
              "title": "User Id"
            }
          }
        ],
        "responses": {
          "200": {
            "description": "Successful Response",
            "content": {
              "application/json": {
                "schema": {}
              }
            }
          },
          "422": {
            "description": "Validation Error",
            "content": {
              "application/json": {
                "schema": {
                  "$ref": "#/components/schemas/HTTPValidationError"
                }
              }
            }
          }
        }
      },
      "post": {
        "tags": [
          "conversation"
        ],
        "summary": "Store Conversation",
        "operationId": "store_conversation_conversation__post",
        "requestBody": {
          "required": true,
          "content": {
            "multipart/form-data": {
              "schema": {
                "$ref": "#/components/schemas/Body_store_conversation_conversation__post"
              }
            }
          }
        },
        "responses": {
          "200": {
            "description": "Successful Response",
            "content": {
              "application/json": {
                "schema": {}
              }
            }
          },
          "422": {
            "description": "Validation Error",
            "content": {
              "application/json": {
                "schema": {
                  "$ref": "#/components/schemas/HTTPValidationError"
                }
              }
            }
          }
        }
      }
    },
    "/profile/{user_id}": {
      "get": {
        "tags": [
          "user_profile"
        ],
        "summary": "Get User Profile",
        "operationId": "get_user_profile_profile__user_id__get",
        "parameters": [
          {
            "name": "user_id",
            "in": "path",
            "required": true,
            "schema": {
              "type": "string",
              "title": "User Id"
            }
          }
        ],
        "responses": {
          "200": {
            "description": "Successful Response",
            "content": {
              "application/json": {
                "schema": {}
              }
            }
          },
          "422": {
            "description": "Validation Error",
            "content": {
              "application/json": {
                "schema": {
                  "$ref": "#/components/schemas/HTTPValidationError"
                }
              }
            }
          }
        }
      }
    },
    "/": {
      "get": {
        "summary": "Read Root",
        "operationId": "read_root__get",
        "responses": {
          "200": {
            "description": "Successful Response",
            "content": {
              "application/json": {
                "schema": {}
              }
            }
          }
        }
      }
    }
  },
  "components": {
    "schemas": {
      "Body_store_conversation_conversation__post": {
        "properties": {
          "user_id": {
            "type": "string",
            "title": "User Id"
          },
          "audio": {
            "type": "string",
            "format": "binary",
            "title": "Audio"
          }
        },
        "type": "object",
        "required": [
          "user_id",
          "audio"
        ],
        "title": "Body_store_conversation_conversation__post"
      },
      "HTTPValidationError": {
        "properties": {
          "detail": {
            "items": {
              "$ref": "#/components/schemas/ValidationError"
            },
            "type": "array",
            "title": "Detail"
          }
        },
        "type": "object",
        "title": "HTTPValidationError"
      },
      "ValidationError": {
        "properties": {
          "loc": {
            "items": {
              "anyOf": [
                {
                  "type": "string"
                },
                {
                  "type": "integer"
                }
              ]
            },
            "type": "array",
            "title": "Location"
          },
          "msg": {
            "type": "string",
            "title": "Message"
          },
          "type": {
            "type": "string",
            "title": "Error Type"
          }
        },
        "type": "object",
        "required": [
          "loc",
          "msg",
          "type"
        ],
        "title": "ValidationError"
      }
    }
  }
}