{
  "version": "0.1.0",
  "name": "oto",
  "instructions": [
    {
      "name": "initializeOto",
      "accounts": [
        {
          "name": "oto",
          "isMut": true,
          "isSigner": false
        },
        {
          "name": "payer",
          "isMut": true,
          "isSigner": true
        },
        {
          "name": "mint",
          "isMut": true,
          "isSigner": false
        },
        {
          "name": "metadata",
          "isMut": true,
          "isSigner": false
        },
        {
          "name": "nftCollection",
          "isMut": false,
          "isSigner": false
        },
        {
          "name": "systemProgram",
          "isMut": false,
          "isSigner": false
        },
        {
          "name": "rent",
          "isMut": false,
          "isSigner": false
        },
        {
          "name": "tokenMetadataProgram",
          "isMut": false,
          "isSigner": false
        },
        {
          "name": "tokenProgram",
          "isMut": false,
          "isSigner": false
        }
      ],
      "args": []
    },
    {
      "name": "initializeUser",
      "accounts": [
        {
          "name": "oto",
          "isMut": false,
          "isSigner": false
        },
        {
          "name": "user",
          "isMut": true,
          "isSigner": false
        },
        {
          "name": "payer",
          "isMut": true,
          "isSigner": true
        },
        {
          "name": "systemProgram",
          "isMut": false,
          "isSigner": false
        }
      ],
      "args": [
        {
          "name": "userId",
          "type": "string"
        },
        {
          "name": "owner",
          "type": "publicKey"
        }
      ]
    },
    {
      "name": "updatePoint",
      "accounts": [
        {
          "name": "oto",
          "isMut": false,
          "isSigner": false
        },
        {
          "name": "user",
          "isMut": true,
          "isSigner": false
        },
        {
          "name": "admin",
          "isMut": true,
          "isSigner": true
        }
      ],
      "args": [
        {
          "name": "userId",
          "type": "string"
        },
        {
          "name": "delta",
          "type": "u64"
        }
      ]
    },
    {
      "name": "claim",
      "accounts": [
        {
          "name": "oto",
          "isMut": false,
          "isSigner": false
        },
        {
          "name": "user",
          "isMut": true,
          "isSigner": false
        },
        {
          "name": "beneficiary",
          "isMut": true,
          "isSigner": true
        },
        {
          "name": "userTokenAccount",
          "isMut": true,
          "isSigner": false
        },
        {
          "name": "mint",
          "isMut": true,
          "isSigner": false
        },
        {
          "name": "tokenProgram",
          "isMut": false,
          "isSigner": false
        },
        {
          "name": "associatedTokenProgram",
          "isMut": false,
          "isSigner": false
        },
        {
          "name": "systemProgram",
          "isMut": false,
          "isSigner": false
        }
      ],
      "args": [
        {
          "name": "userId",
          "type": "string"
        },
        {
          "name": "claimAmount",
          "type": "u64"
        }
      ]
    },
    {
      "name": "registerAsset",
      "accounts": [
        {
          "name": "assetMetadata",
          "isMut": true,
          "isSigner": false
        },
        {
          "name": "user",
          "isMut": true,
          "isSigner": true
        },
        {
          "name": "systemProgram",
          "isMut": false,
          "isSigner": false
        }
      ],
      "args": [
        {
          "name": "fileHash",
          "type": {
            "array": [
              "u8",
              32
            ]
          }
        },
        {
          "name": "date",
          "type": "u32"
        },
        {
          "name": "language",
          "type": "u8"
        }
      ]
    },
    {
      "name": "registerPurchaseRequest",
      "accounts": [
        {
          "name": "purchaseRequest",
          "isMut": true,
          "isSigner": false
        },
        {
          "name": "buyer",
          "isMut": true,
          "isSigner": true
        },
        {
          "name": "mint",
          "isMut": true,
          "isSigner": false
        },
        {
          "name": "buyerTokenAccount",
          "isMut": true,
          "isSigner": false
        },
        {
          "name": "escrowTokenAccount",
          "isMut": true,
          "isSigner": false
        },
        {
          "name": "tokenProgram",
          "isMut": false,
          "isSigner": false
        },
        {
          "name": "associatedTokenProgram",
          "isMut": false,
          "isSigner": false
        },
        {
          "name": "systemProgram",
          "isMut": false,
          "isSigner": false
        }
      ],
      "args": [
        {
          "name": "params",
          "type": {
            "defined": "RegisterPurchaseParams"
          }
        }
      ]
    },
    {
      "name": "applyAssetOffer",
      "accounts": [
        {
          "name": "assetOffer",
          "isMut": true,
          "isSigner": false
        },
        {
          "name": "provider",
          "isMut": true,
          "isSigner": true
        },
        {
          "name": "purchaseRequest",
          "isMut": false,
          "isSigner": false
        },
        {
          "name": "assetMetadata",
          "isMut": false,
          "isSigner": false
        },
        {
          "name": "systemProgram",
          "isMut": false,
          "isSigner": false
        }
      ],
      "args": []
    },
    {
      "name": "submitTransferProof",
      "accounts": [
        {
          "name": "transferProof",
          "isMut": true,
          "isSigner": false
        },
        {
          "name": "relayer",
          "isMut": true,
          "isSigner": true
        },
        {
          "name": "purchaseRequest",
          "isMut": true,
          "isSigner": false
        },
        {
          "name": "mint",
          "isMut": true,
          "isSigner": false
        },
        {
          "name": "escrowTokenAccount",
          "isMut": true,
          "isSigner": false
        },
        {
          "name": "provider",
          "isMut": false,
          "isSigner": false
        },
        {
          "name": "providerTokenAccount",
          "isMut": true,
          "isSigner": false
        },
        {
          "name": "assetOffer",
          "isMut": false,
          "isSigner": false
        },
        {
          "name": "tokenProgram",
          "isMut": false,
          "isSigner": false
        },
        {
          "name": "associatedTokenProgram",
          "isMut": false,
          "isSigner": false
        },
        {
          "name": "systemProgram",
          "isMut": false,
          "isSigner": false
        }
      ],
      "args": [
        {
          "name": "fileHash",
          "type": {
            "array": [
              "u8",
              32
            ]
          }
        },
        {
          "name": "buyerSig",
          "type": {
            "array": [
              "u8",
              64
            ]
          }
        }
      ]
    }
  ],
  "accounts": [
    {
      "name": "Oto",
      "type": {
        "kind": "struct",
        "fields": [
          {
            "name": "admin",
            "type": "publicKey"
          },
          {
            "name": "mint",
            "type": "publicKey"
          },
          {
            "name": "nftCollection",
            "type": "publicKey"
          },
          {
            "name": "bump",
            "type": "u8"
          }
        ]
      }
    },
    {
      "name": "AssetMetadata",
      "type": {
        "kind": "struct",
        "fields": [
          {
            "name": "owner",
            "type": "publicKey"
          },
          {
            "name": "fileHash",
            "type": {
              "array": [
                "u8",
                32
              ]
            }
          },
          {
            "name": "date",
            "type": "u32"
          },
          {
            "name": "language",
            "type": "u8"
          }
        ]
      }
    },
    {
      "name": "PurchaseRequest",
      "type": {
        "kind": "struct",
        "fields": [
          {
            "name": "buyer",
            "type": "publicKey"
          },
          {
            "name": "buyerPubkey",
            "type": "publicKey"
          },
          {
            "name": "filterLanguage",
            "type": "u8"
          },
          {
            "name": "startDate",
            "type": "u32"
          },
          {
            "name": "endDate",
            "type": "u32"
          },
          {
            "name": "unitPrice",
            "type": "u64"
          },
          {
            "name": "budgetRemaining",
            "type": "u64"
          },
          {
            "name": "claimableAmount",
            "type": "u64"
          },
          {
            "name": "bump",
            "type": "u8"
          },
          {
            "name": "nonce",
            "type": "u8"
          }
        ]
      }
    },
    {
      "name": "AssetOffer",
      "type": {
        "kind": "struct",
        "fields": [
          {
            "name": "asset",
            "type": "publicKey"
          },
          {
            "name": "provider",
            "type": "publicKey"
          },
          {
            "name": "claimableAmount",
            "type": "u64"
          }
        ]
      }
    },
    {
      "name": "TransferProof",
      "type": {
        "kind": "struct",
        "fields": [
          {
            "name": "fileHash",
            "type": {
              "array": [
                "u8",
                32
              ]
            }
          },
          {
            "name": "price",
            "type": "u64"
          },
          {
            "name": "buyerSig",
            "type": {
              "array": [
                "u8",
                64
              ]
            }
          }
        ]
      }
    },
    {
      "name": "User",
      "type": {
        "kind": "struct",
        "fields": [
          {
            "name": "userId",
            "type": "string"
          },
          {
            "name": "claimableAmount",
            "type": "u64"
          },
          {
            "name": "owner",
            "type": "publicKey"
          },
          {
            "name": "bump",
            "type": "u8"
          }
        ]
      }
    }
  ],
  "types": [
    {
      "name": "RegisterPurchaseParams",
      "type": {
        "kind": "struct",
        "fields": [
          {
            "name": "buyerPubkey",
            "type": "publicKey"
          },
          {
            "name": "filterLanguage",
            "type": "u8"
          },
          {
            "name": "startDate",
            "type": "u32"
          },
          {
            "name": "endDate",
            "type": "u32"
          },
          {
            "name": "unitPrice",
            "type": "u64"
          },
          {
            "name": "maxBudget",
            "type": "u64"
          },
          {
            "name": "nonce",
            "type": "u8"
          }
        ]
      }
    }
  ],
  "errors": [
    {
      "code": 6000,
      "name": "NotEnoughClaimableAmount",
      "msg": "Not enough claimable amount"
    },
    {
      "code": 6001,
      "name": "Overflow",
      "msg": "Overflow"
    },
    {
      "code": 6002,
      "name": "LanguageMismatch",
      "msg": "Language mismatch"
    },
    {
      "code": 6003,
      "name": "DateMismatch",
      "msg": "Date mismatch"
    },
    {
      "code": 6004,
      "name": "BudgetExhausted",
      "msg": "Purchase budget exhausted"
    },
    {
      "code": 6005,
      "name": "BadBuyerSig",
      "msg": "Bad buyer signature"
    }
  ]
}